{"data":{"nodes":{"_subscribers":{"*":[],"add":[{}],"remove":[{}],"update":[{}]},"_options":{},"_data":{"1":{"id":1,"label":"1"},"2":{"id":2,"label":"2"},"3":{"id":3,"label":"3"},"4":{"id":4,"label":"4"},"5":{"id":5,"label":"5"},"6":{"id":6,"x":179.71935287156603,"y":-137.91724425901927,"label":"7"},"7":{"id":7,"x":179.71935287156603,"y":-137.91724425901927,"label":"6"}},"length":7,"_idProp":"id","_type":{}},"edges":{"_subscribers":{"*":[],"add":[{}],"remove":[{}],"update":[{}]},"_options":{},"_data":{"0":{"id":0,"from":2,"to":1,"color":{},"label":"1.20"},"3":{"id":3,"from":4,"to":3,"color":{},"label":"0.30"},"6":{"from":1,"to":3,"label":"1","id":6,"color":{}},"7":{"from":3,"to":2,"label":"1","id":7,"color":{}},"8":{"from":3,"to":5,"label":"1","id":8,"color":{}},"9":{"from":5,"to":4,"label":"1","id":9,"color":{}},"10":{"from":7,"to":3,"label":"6","id":"10","color":{}},"11":{"from":6,"to":3,"label":"1","id":11,"color":{}}},"length":8,"_idProp":"id","_type":{}}},"options":{"locale":"pt-br","manipulation":{"enabled":false},"edges":{"font":{"color":"#ffffff","strokeWidth":0,"size":18}},"nodes":{"color":{"border":"#698B69","background":"#458B74","highlight":{"border":"#698B69","background":"#4f6e4f"}},"font":{"color":"white"}},"physics":{"enabled":true,"forceAtlas2Based":{"gravitationalConstant":-50,"centralGravity":0.01,"springConstant":0.02,"springLength":100,"damping":0.4,"avoidOverlap":0},"maxVelocity":50,"minVelocity":0.1,"solver":"forceAtlas2Based","stabilization":{"enabled":true,"iterations":1000,"updateInterval":100,"onlyDynamicEdges":false,"fit":true},"timestep":0.5,"adaptiveTimestep":true}},"ponderado":true,"ordenado":false}