{
  "data": {
    "nodes": {
      "_subscribers": {
        "*": [],
        "add": [
          {}
        ],
        "remove": [
          {}
        ],
        "update": [
          {}
        ]
      },
      "_options": {},
      "_data": {
        "1": {
          "id": 1,
          "label": "1"
        },
        "2": {
          "id": 2,
          "label": "2"
        },
        "5": {
          "id": 5,
          "label": "5"
        },
        "6": {
          "id": 6,
          "label": "6"
        },
        "7": {
          "id": 7,
          "label": "7"
        }
      },
      "length": 5,
      "_idProp": "id",
      "_type": {}
    },
    "edges": {
      "_subscribers": {
        "*": [],
        "add": [
          {}
        ],
        "remove": [
          {}
        ],
        "update": [
          {}
        ]
      },
      "_options": {},
      "_data": {
        "0": {
          "id": 0,
          "from": 1,
          "to": 2,
          "color": {},
          "label": "1.2"
        },
        "1": {
          "id": 1,
          "from": 2,
          "to": 5,
          "color": {},
          "label": "2.3"
        },
        "2": {
          "id": 2,
          "from": 5,
          "to": 6,
          "color": {},
          "label": "-8.4"
        },
        "3": {
          "id": 3,
          "from": 6,
          "to": 7,
          "color": {},
          "label": "0.3"
        },
        "4": {
          "id": 4,
          "from": 5,
          "to": 7,
          "color": {},
          "label": "4.6"
        },
        "5": {
          "id": 5,
          "from": 5,
          "to": 1,
          "color": {},
          "label": "0.1"
        }
      },
      "length": 6,
      "_idProp": "id",
      "_type": {}
    }
  },
  "options": {
    "locale": "pt-br",
    "manipulation": {
      "enabled": false
    },
    "edges": {
      "font": {
        "color": "#ffffff",
        "strokeWidth": 0,
        "size": 18
      }
    },
    "nodes": {
      "color": {
        "border": "#698B69",
        "background": "#458B74",
        "highlight": {
          "border": "#698B69",
          "background": "#4f6e4f"
        }
      },
      "font": {
        "color": "white"
      }
    }
  },
  "ponderado": true,
  "ordenado": false
}