{
	"data":	{
		"nodes":	{
			"_subscribers":	{
				"*":	[],
				"add":	[{
					}],
				"remove":	[{
					}],
				"update":	[{
					}]
			},
			"_options":	{
			},
			"_data":	{
				"1":	{
					"id":	1,
					"label":	"1"
				},
				"2":	{
					"id":	2,
					"label":	"2"
				},
				"3":	{
					"id":	3,
					"label":	"3"
				},
				"4":	{
					"id":	4,
					"label":	"4"
				},
				"5":	{
					"id":	5,
					"label":	"5"
				},
				"6":	{
					"id":	6,
					"label":	"6"
				},
				"7":	{
					"id":	7,
					"label":	"7"
				},
				"8":	{
					"id":	8,
					"label":	"8"
				}
			},
			"_idProp":	"id",
			"_type":	{
			},
			"length":	8
		},
		"edges":	{
			"_subscribers":	{
				"*":	[],
				"add":	[{
					}],
				"remove":	[{
					}],
				"update":	[{
					}]
			},
			"_options":	{
			},
			"_data":	{
				"0":	{
					"id":	0,
					"from":	2,
					"to":	1,
					"color":	{
					},
					"label":	"1.20"
				},
				"1":	{
					"id":	1,
					"from":	5,
					"to":	1,
					"color":	{
					},
					"label":	"0.10"
				},
				"2":	{
					"id":	2,
					"from":	5,
					"to":	2,
					"color":	{
					},
					"label":	"2.30"
				},
				"3":	{
					"id":	3,
					"from":	6,
					"to":	2,
					"color":	{
					},
					"label":	"1.00"
				},
				"4":	{
					"id":	4,
					"from":	4,
					"to":	3,
					"color":	{
					},
					"label":	"0.30"
				},
				"5":	{
					"id":	5,
					"from":	5,
					"to":	3,
					"color":	{
					},
					"label":	"-8.40"
				},
				"6":	{
					"id":	6,
					"from":	8,
					"to":	3,
					"color":	{
					},
					"label":	"1.00"
				},
				"7":	{
					"id":	7,
					"from":	5,
					"to":	4,
					"color":	{
					},
					"label":	"4.60"
				},
				"8":	{
					"id":	8,
					"from":	7,
					"to":	5,
					"color":	{
					},
					"label":	"1.00"
				},
				"9":	{
					"id":	9,
					"from":	6,
					"to":	5,
					"color":	{
					},
					"label":	"1.00"
				},
				"10":	{
					"id":	10,
					"from":	8,
					"to":	5,
					"color":	{
					},
					"label":	"1.00"
				},
				"11":	{
					"id":	11,
					"from":	7,
					"to":	6,
					"color":	{
					},
					"label":	"1.00"
				},
				"12":	{
					"id":	12,
					"from":	8,
					"to":	7,
					"color":	{
					},
					"label":	"1.00"
				}
			},
			"_idProp":	"id",
			"_type":	{
			},
			"length":	13
		}
	},
	"options":	{
		"locale":	"pt-br",
		"manipulation":	{
			"enabled":	false
		},
		"edges":	{
			"font":	{
				"color":	"#ffffff",
				"strokeWidth":	0,
				"size":	18
			}
		},
		"nodes":	{
			"color":	{
				"border":	"#698B69",
				"background":	"#458B74",
				"highlight":	{
					"border":	"#698B69",
					"background":	"#4f6e4f"
				}
			},
			"font":	{
				"color":	"white"
			}
		}
	},
	"ordenado":	false,
	"ponderado":	true
}