{
  "data": {
    "nodes": {
      "_subscribers": {
        "*": [],
        "add": [
          {}
        ],
        "remove": [
          {}
        ],
        "update": [
          {}
        ]
      },
      "_options": {},
      "_data": {
        "1": {
          "id": 1,
          "label": ""
        },
        "2": {
          "id": 2,
          "label": ""
        },
        "3": {
          "id": 3,
          "label": ""
        },
        "5": {
          "id": 5,
          "label": ""
        },
        "6": {
          "id": 6,
          "x": 260.20263186282233,
          "y": -108.62933980894968,
          "label": ""
        },
        "7": {
          "id": 7,
          "x": 302.61025091044144,
          "y": -85.58172076133063,
          "label": ""
        },
        "8": {
          "id": 8,
          "x": 265.7340604342509,
          "y": 25.046850667240815,
          "label": ""
        }
      },
      "length": 7,
      "_idProp": "id",
      "_type": {}
    },
    "edges": {
      "_subscribers": {
        "*": [],
        "add": [
          {}
        ],
        "remove": [
          {}
        ],
        "update": [
          {}
        ]
      },
      "_options": {},
      "_data": {
        "1": {
          "from": 1,
          "to": 3,
          "id": 1,
          "color": {}
        },
        "2": {
          "from": 1,
          "to": 2,
          "id": 2,
          "color": {}
        },
        "4": {
          "from": 2,
          "to": 5,
          "id": 4,
          "color": {}
        },
        "5": {
          "from": 6,
          "to": 8,
          "label": " ",
          "id": 5,
          "color": {}
        },
        "6": {
          "from": 6,
          "to": 7,
          "label": " ",
          "id": 6,
          "color": {}
        },
        "7": {
          "from": 7,
          "to": 8,
          "label": " ",
          "id": 7,
          "color": {}
        }
      },
      "length": 6,
      "_idProp": "id",
      "_type": {}
    }
  },
  "options": {
    "locale": "pt-br",
    "manipulation": {
      "enabled": false
    },
    "edges": {
      "font": {
        "color": "#ffffff",
        "strokeWidth": 0,
        "size": 18
      }
    },
    "nodes": {
      "color": {
        "border": "#698B69",
        "background": "#458B74",
        "highlight": {
          "border": "#698B69",
          "background": "#4f6e4f"
        }
      },
      "font": {
        "color": "white"
      }
    },
    "physics": {
      "enabled": true,
      "forceAtlas2Based": {
        "gravitationalConstant": -50,
        "centralGravity": 0.01,
        "springConstant": 0.02,
        "springLength": 100,
        "damping": 0.4,
        "avoidOverlap": 0
      },
      "maxVelocity": 50,
      "minVelocity": 0.1,
      "solver": "forceAtlas2Based",
      "stabilization": {
        "enabled": true,
        "iterations": 1000,
        "updateInterval": 100,
        "onlyDynamicEdges": false,
        "fit": true
      },
      "timestep": 0.5,
      "adaptiveTimestep": true
    }
  },
  "ponderado": false,
  "ordenado": false
}