{
  "data": {
    "nodes": {
      "_subscribers": {
        "*": [],
        "add": [
          {}
        ],
        "remove": [
          {}
        ],
        "update": [
          {}
        ]
      },
      "_options": {},
      "_data": {},
      "_idProp": "id",
      "_type": {}
    },
    "edges": {
      "_subscribers": {
        "*": [],
        "add": [
          {}
        ],
        "remove": [
          {}
        ],
        "update": [
          {}
        ]
      },
      "_options": {},
      "_data": {},
      "_idProp": "id",
      "_type": {}
    }
  },
  "options": {
    "locale": "pt-br",
    "manipulation": {
      "enabled": false
    },
    "edges": {
      "font": {
        "color": "#ffffff",
        "strokeWidth": 0,
        "size": 18
      }
    },
    "nodes": {
      "color": {
        "border": "#698B69",
        "background": "#458B74",
        "highlight": {
          "border": "#698B69",
          "background": "#4f6e4f"
        }
      },
      "font": {
        "color": "white"
      }
    }
  },
  "ordenado": false
}